<?xml version="1.0" encoding="UTF-8"?>
<!--********** Copyright 2025 EbonyS Network. All Rights Reserved. **********-->

<component name="MainScene" extends="Scene">
    <script type="text/brightscript" uri="MainScene.brs" />
    <script type="text/brightscript" uri="UILogic/ScreenStackLogic.brs" />
    <script type="text/brightscript" uri="UILogic/ContentTaskLogic.brs" />
    <script type="text/brightscript" uri="UILogic/GridScreenLogic.brs" />
    <script type="text/brightscript" uri="UILogic/VideoPlayerLogic.brs" />
    <children>
        <!-- Overhang with Roku Developers logo -->
        <Overhang
            id="overhang"
            showOptions="false"
            showClock="false"
            logoUri="pkg:/images/hd_overhang_logo.png"
            translation="[0,60]"
        />
        <!-- LoadingIndicator should be visible only in case of waiting for content -->
        <Label
            id="loadingIndicator"
            text="Loading..."
            width="1280"
            height="720"
            translation="[0, 0]"
            horizAlign="center"
            vertAlign="center"
            visible="false"
            font="font:MediumBoldSystemFont"
        />
        <!-- New User Authentication Component -->
        <UserAuth id="userAuthComponent" />
        <!-- New Subscription Manager Component -->
        <SubscriptionManager id="subscriptionManagerComponent" />
        <!-- New User Profile Management Component -->
        <UserProfile id="userProfileComponent" />
    </children>
</component>
